Body,Post Code,Service Area Categorisation,Expenses Type,Date,Transaction Number,Department, Amount ,Supplier Name,Supplier Number
Tewkesbury Borough Council,23UG,Homelessness - Administration,Emergency Accommodation,02/01/2026,CRED183767,Housing,Ł700.00,Caring for Communities and People,00252481
Tewkesbury Borough Council,23UG,Human resources,Computer  - Annual Renewals,02/01/2026,CRED183763,People and Culture,Ł735.00,ITS Software Systems Limited (Eploy),00255684
Tewkesbury Borough Council,23UG,Legal Services,Agency Staff,02/01/2026,CRED183765,One Legal,"Ł1,540.69",Vivid Resourcing - division G2V Recruitment,00255848
Tewkesbury Borough Council,23UG,Legal Services,Agency Staff,02/01/2026,CRED183766,One Legal,Ł930.00,Vivid Resourcing - division G2V Recruitment,00255848
Tewkesbury Borough Council,23UG,Car Parking,Agency  Contracted Services,05/01/2026,CRED183768,Finance,Ł572.00,Jade Security Services Limited,00255580
Tewkesbury Borough Council,23UG,Homelessness - Administration,Emergency Accommodation,05/01/2026,CRED183772,Housing,"Ł1,651.17",OE-Management LTD,00257011
Tewkesbury Borough Council,23UG,Homelessness - Administration,Emergency Accommodation,05/01/2026,CRED183773,Housing,"Ł1,804.81",OE-Management LTD,00257011
Tewkesbury Borough Council,23UG,Homelessness - Administration,Emergency Accommodation,05/01/2026,CRED183774,Housing,Ł589.32,OE-Management LTD,00257011
Tewkesbury Borough Council,23UG,Environmental Health,Agency Staff,05/01/2026,CRED183771,Environmental Health,Ł875.00,Osborne Richardson,00161554
Tewkesbury Borough Council,23UG,Revenues & Benefits,Printing,06/01/2026,CRED183777,Revenues and Benefits Team,"Ł2,912.44",PSL Print Management Ltd,00256304
Tewkesbury Borough Council,23UG,Development Control,Printing,06/01/2026,CRED183778,Director: Growth,"Ł1,442.61",PSL Print Management Ltd,00256304
Tewkesbury Borough Council,23UG,Digital Transformation Team,Broadband,06/01/2026,CRED183776,"IT, Digital and Cyber",Ł806.37,Vodafone Limited,00251906
Tewkesbury Borough Council,23UG,Development Control,Agency  Contracted Services,07/01/2026,CRED183788,Director: Growth,"Ł3,500.00",Calm Engineering,00256664
Tewkesbury Borough Council,23UG,Earmarked Reserve - Plan Obs Comm Sums,Payments Made,07/01/2026,CRED183783,Community and Economic Development,"Ł1,498.70",Global Radio Services Limited,00214168
Tewkesbury Borough Council,23UG,Crime & Disorder Act Expenditure,`Payts To Other Local Auths,07/01/2026,CRED183787,Environmental Health,"Ł1,561.00",Gloucestershire County Council,00000204
Tewkesbury Borough Council,23UG,Bulky Waste Service,Recycling activity (non ubico),07/01/2026,CRED183790,Waste and Recycling,"Ł5,023.00",Orchard Recycling Service Ltd,00255781
Tewkesbury Borough Council,23UG,"Vaughan Pak, Tipton",Programmed Maintenance,07/01/2026,CRED183796,Asset Management,Ł576.00,Payters Facilities Management Limited,00256418
Tewkesbury Borough Council,23UG,Insurances Holding Account,Insurances - miscellaneous,08/01/2026,CRED183799,Finance,"Ł8,919.68",Marsh UK Ltd,00137290
Tewkesbury Borough Council,23UG,Insurances Holding Account,Insurances - miscellaneous,08/01/2026,CRED183800,Finance,"Ł5,389.44",Marsh UK Ltd,00137290
Tewkesbury Borough Council,23UG,Insurances Holding Account,Insurances - miscellaneous,08/01/2026,CRED183801,Finance,"Ł6,594.32",Marsh UK Ltd,00137290
Tewkesbury Borough Council,23UG,Insurances Holding Account,Insurances - miscellaneous,08/01/2026,CRED183802,Finance,"Ł14,560.00",Marsh UK Ltd,00137290
Tewkesbury Borough Council,23UG,Insurances Holding Account,Insurances - miscellaneous,08/01/2026,CRED183803,Finance,Ł997.92,Marsh UK Ltd,00137290
Tewkesbury Borough Council,23UG,Insurances Holding Account,Insurances - miscellaneous,08/01/2026,CRED183804,Finance,"Ł135,980.32",Marsh UK Ltd,00137290
Tewkesbury Borough Council,23UG,Insurances Holding Account,Insurances - miscellaneous,08/01/2026,CRED183805,Finance,"Ł5,142.63",Marsh UK Ltd,00137290
Tewkesbury Borough Council,23UG,Insurances Holding Account,Insurances - miscellaneous,08/01/2026,CRED183805,Finance,"Ł5,142.63",Marsh UK Ltd,00137290
Tewkesbury Borough Council,23UG,Insurances Holding Account,Insurances - miscellaneous,08/01/2026,CRED183806,Finance,"Ł3,858.51",Marsh UK Ltd,00137290
Tewkesbury Borough Council,23UG,Insurances Holding Account,Insurances - miscellaneous,08/01/2026,CRED183806,Finance,Ł512.42,Marsh UK Ltd,00137290
Tewkesbury Borough Council,23UG,Insurances Holding Account,Insurances - miscellaneous,08/01/2026,CRED183807,Finance,"Ł7,426.72",Marsh UK Ltd,00137290
Tewkesbury Borough Council,23UG,Insurances Holding Account,Insurances - miscellaneous,08/01/2026,CRED183808,Finance,"Ł3,973.88",Marsh UK Ltd,00137290
Tewkesbury Borough Council,23UG,Insurances Holding Account,Insurances - miscellaneous,08/01/2026,CRED183809,Finance,"Ł97,894.17",Marsh UK Ltd,00137290
Tewkesbury Borough Council,23UG,Capital Expenditure Holding Account,Capital  Grants,08/01/2026,CRED183797,Environmental Health,"Ł17,255.00",Opus Construction,00256166
Tewkesbury Borough Council,23UG,Development Control,Agency Staff,08/01/2026,CRED183798,Director: Growth,"Ł3,651.50",Sarto Thomas Limited,00255925
Tewkesbury Borough Council,23UG,Homelessness - Administration,Emergency Accommodation,09/01/2026,CRED183829,Housing,Ł819.33,Bridge House Bed & Breakfast,00252767
Tewkesbury Borough Council,23UG,Car Parking,Agency  Contracted Services,09/01/2026,CRED183815,Asset Management,Ł637.53,Chipside Limited,00253425
Tewkesbury Borough Council,23UG,Homelessness - Administration,Emergency Accommodation,09/01/2026,CRED183837,Housing,Ł672.00,Connolly & Callaghan Ltd,00253484
Tewkesbury Borough Council,23UG,Homelessness - Administration,Emergency Accommodation,09/01/2026,CRED183838,Housing,Ł507.50,Connolly & Callaghan Ltd,00253484
Tewkesbury Borough Council,23UG,Retained Assets,Electricity,09/01/2026,CRED183817,Asset Management,"Ł1,948.49",Redacted Personal Information,00226460
Tewkesbury Borough Council,23UG,Development Control,Agency  Contracted Services,09/01/2026,CRED183822,Director: Growth,"Ł1,547.00",G2V Recruitment Group Ltd,00253471
Tewkesbury Borough Council,23UG,Cemetery Bishops Cleeve,Agency  Contracted Services,09/01/2026,CRED183844,Asset Management,Ł737.44,Gardiners,00252700
Tewkesbury Borough Council,23UG,Car Parking,Rents Easements And Wayleaves,09/01/2026,CRED183851,Asset Management,"Ł14,375.00",Hartnell Taylor Cook LLP,00252558
Tewkesbury Borough Council,23UG,Earmarked Reserves,Payments Made,09/01/2026,CRED183813,Director: Growth,Ł848.58,Hays,00254370
Tewkesbury Borough Council,23UG,Earmarked Reserve - Plan Obs Comm Sums,Payments Made,09/01/2026,CRED183852,Community and Economic Development,Ł660.00,Hucclecote Parish Council,00250342
Tewkesbury Borough Council,23UG,Car Parking,Agency  Contracted Services,09/01/2026,CRED183846,Finance,Ł704.00,Jade Security Services Limited,00255580
Tewkesbury Borough Council,23UG,Revenues & Benefits,Agency Staff,09/01/2026,CRED183841,Revenues and Benefits Team,Ł813.96,Morgan Hunt UK Limited,00252917
Tewkesbury Borough Council,23UG,Earmarked Reserves,Payments Made,09/01/2026,CRED183842,Revenues and Benefits Team,"Ł1,522.50",Morgan Hunt UK Limited,00252917
Tewkesbury Borough Council,23UG,Retained Assets,Agency  Contracted Services,09/01/2026,CRED183823,Asset Management,Ł620.00,O Brien & Price Cheltenham Ltd,00256363
Tewkesbury Borough Council,23UG,Environmental Health,Agency Staff,09/01/2026,CRED183848,Environmental Health,Ł875.00,Osborne Richardson,00161554
Tewkesbury Borough Council,23UG,Environmental Health,Agency Staff,09/01/2026,CRED183849,Environmental Health,"Ł1,450.00",Osborne Richardson,00161554
Tewkesbury Borough Council,23UG,Earmarked Reserves,Payments Made,09/01/2026,CRED183840,Planning Policy,"Ł1,795.50",Park Avenue Recruitment Ltd,00253201
Tewkesbury Borough Council,23UG,Environmental Health,Computer  - Annual Renewals,09/01/2026,CRED183847,Environmental Health,"Ł3,836.00",RH Environmental Ltd,00222532
Tewkesbury Borough Council,23UG,Central Establishment,Printer Rental,09/01/2026,CRED183814,"IT, Digital and Cyber",Ł903.40,Ricoh UK Ltd,00175223
Tewkesbury Borough Council,23UG,Central Establishment,Printer Usage,09/01/2026,CRED183814,"IT, Digital and Cyber","Ł2,842.43",Ricoh UK Ltd,00175223
Tewkesbury Borough Council,23UG,Domestic Abuse,Agency  Contracted Services,09/01/2026,CRED183818,Housing,Ł954.00,Safe Partnership Ltd,00253157
Tewkesbury Borough Council,23UG,Earmarked Reserves,Payments Made,09/01/2026,CRED183836,Asset Management,"Ł58,231.69",Snape Contracting Services Ltd,00251779
Tewkesbury Borough Council,23UG,UK Shared Prosperity Fund,Agency  Contracted Services,09/01/2026,CRED183845,Community and Economic Development,"Ł2,133.00",The Growth Company,00256916
Tewkesbury Borough Council,23UG,Recycling Collection Service,Ubico MRF Transfer Station,09/01/2026,CRED183834,Waste and Recycling,"Ł9,207.51",Ubico Limited,00250926
Tewkesbury Borough Council,23UG,CIL Management,Agency Staff,09/01/2026,CRED183820,Community Infrastructure Levy,"Ł1,681.50",Vivid Resourcing - division G2V Recruitment,00255848
Tewkesbury Borough Council,23UG,Legal Services,Agency Staff,09/01/2026,CRED183830,One Legal,"Ł1,151.63",Vivid Resourcing - division G2V Recruitment,00255848
Tewkesbury Borough Council,23UG,Legal Services,Agency Staff,09/01/2026,CRED183831,One Legal,Ł854.00,Vivid Resourcing - division G2V Recruitment,00255848
Tewkesbury Borough Council,23UG,Legal Services,Agency Staff,09/01/2026,CRED183832,One Legal,Ł720.00,Vivid Resourcing - division G2V Recruitment,00255848
Tewkesbury Borough Council,23UG,Earmarked Reserves,Payments Made,09/01/2026,CRED183819,Asset Management,Ł585.00,Wenlock Systems LTD,00257057
Tewkesbury Borough Council,23UG,Homelessness Prevention,Agency  Contracted Services,12/01/2026,CRED183863,Housing,Ł933.29,Bromford Housing,00255953
Tewkesbury Borough Council,23UG,Earmarked Reserve - Plan Obs Comm Sums,Payments Made,12/01/2026,CRED183854,Community and Economic Development,"Ł1,197.00",Business Sorted Ltd t/a Website Sorted,00257089
Tewkesbury Borough Council,23UG,Joint Core Strategy,Agency Staff,12/01/2026,CRED183858,Director: Growth,Ł741.58,Carrington West Limited,00252528
Tewkesbury Borough Council,23UG,Recycling Collection Service,MRF Gate Fee,12/01/2026,CRED183857,Waste and Recycling,"Ł69,183.75",Casepak,00255735
Tewkesbury Borough Council,23UG,Retained Assets,Agency  Contracted Services,12/01/2026,CRED183879,Asset Management,"Ł6,555.00",Charlton Abbotts Landscaping Ltd,00256743
Tewkesbury Borough Council,23UG,Short Term Lease Liability - IFRS 16,Payments Made,12/01/2026,CRED183861,Asset Management,"Ł2,208.75",Co-wheels Car Club Community Interest Company,00256880
Tewkesbury Borough Council,23UG,Chief Executive Unit,Agency Staff,12/01/2026,CRED183878,Finance,Ł777.20,First Choice Recruitment Services,00022376
Tewkesbury Borough Council,23UG,Digital Transformation Team,Broadband,12/01/2026,CRED183870,"IT, Digital and Cyber",Ł898.31,Gamma Telecom Limited,00253357
Tewkesbury Borough Council,23UG,Joint Core Strategy,Subscriptions,12/01/2026,CRED183866,Director: Growth,"Ł14,500.00",GoVocal formerly CitizenLab,00256683
Tewkesbury Borough Council,23UG,Joint Core Strategy,Subscriptions,12/01/2026,CRED183867,Director: Growth,"Ł9,917.00",GoVocal formerly CitizenLab,00256683
Tewkesbury Borough Council,23UG,Legal Services,Disbursements,12/01/2026,CRED183859,One Legal,"Ł1,575.00",Redacted Personal Information,00256831
Tewkesbury Borough Council,23UG,Retained Assets,Programmed Maintenance,12/01/2026,CRED183869,Asset Management,"Ł1,100.00",MATT HALE TREE SURGERY Ltd,00253352
Tewkesbury Borough Council,23UG,Retained Assets,Programmed Maintenance,12/01/2026,CRED183875,Asset Management,Ł750.00,MATT HALE TREE SURGERY Ltd,00253352
Tewkesbury Borough Council,23UG,Joint Core Strategy,Agency  Contracted Services,12/01/2026,CRED183877,Director: Growth,"Ł4,000.00",Mott MadDonald Ltd,00257082
Tewkesbury Borough Council,23UG,Recycling Collection Service,Ubico MRF Transfer Station,12/01/2026,CRED183871,Waste and Recycling,"Ł5,471.45",Printwaste Recycling,00207434
Tewkesbury Borough Council,23UG,Recycling Collection Service,Ubico MRF Transfer Station,12/01/2026,CRED183872,Waste and Recycling,Ł668.75,Printwaste Recycling,00207434
Tewkesbury Borough Council,23UG,Car Parking,Agency  Contracted Services,12/01/2026,CRED183862,Asset Management,Ł664.91,RingGo Ltd,00252766
Tewkesbury Borough Council,23UG,Electoral Registration,Postages,12/01/2026,CRED183860,Democratic and Electoral Service,"Ł3,210.47",Royal Mail Group Ltd,00001779
Tewkesbury Borough Council,23UG,Legal Services,Agency Staff,12/01/2026,CRED183864,One Legal,"Ł2,275.00",Venn Group Ltd,00224828
Tewkesbury Borough Council,23UG,CIL Management,Agency Staff,12/01/2026,CRED183876,Community Infrastructure Levy,"Ł1,776.50",Vivid Resourcing - division G2V Recruitment,00255848
Tewkesbury Borough Council,23UG,Environmental Health,Training  Development,13/01/2026,CRED182573,Finance,"Ł2,294.00",CATG Limited,00256988
Tewkesbury Borough Council,23UG,Environmental Health,Training  Development,13/01/2026,CRED181314,Finance,"Ł1,295.00",CSPT Limited,00256828
Tewkesbury Borough Council,23UG,Environmental Health,Training  Development,13/01/2026,CRED181389,Finance,"Ł1,295.00",CSPT Limited,00256828
Tewkesbury Borough Council,23UG,Capital Expenditure Holding Account,Capital  Grants,13/01/2026,CRED183894,Environmental Health,"Ł2,148.00",The Surveying Practice Limited,00251817
Tewkesbury Borough Council,23UG,The Chase Investment Property,Electricity,13/01/2026,CRED183886,Asset Management,"Ł2,378.02",West Mercia Energy,00226473
Tewkesbury Borough Council,23UG,Retained Assets,Agency  Contracted Services,14/01/2026,CRED183898,Asset Management,"Ł6,555.00",Charlton Abbotts Landscaping Ltd,00256743
Tewkesbury Borough Council,23UG,Earmarked Reserve - Plan Obs Comm Sums,Payments Made,14/01/2026,CRED183901,Community and Economic Development,"Ł79,977.55",Chosen Hill School,00257090
Tewkesbury Borough Council,23UG,Public Offices,Programmed Maintenance,14/01/2026,CRED183899,Asset Management,"Ł1,098.50",GSM Ltd,00256352
Tewkesbury Borough Council,23UG,Legal Services,Agency Staff,14/01/2026,CRED183917,One Legal,"Ł1,323.00",Redacted Personal Information,00255529
Tewkesbury Borough Council,23UG,Legal Services,Agency Staff,14/01/2026,CRED183918,One Legal,"Ł1,806.00",Redacted Personal Information,00255529
Tewkesbury Borough Council,23UG,Household Support Grant,Grants,14/01/2026,CRED183920,Community and Economic Development,"Ł7,000.00",North Cotswold Foodbank,00256334
Tewkesbury Borough Council,23UG,Legal Services,Disbursements,14/01/2026,CRED183919,One Legal,Ł705.00,Prestige Network Ltd,00256015
Tewkesbury Borough Council,23UG,Capital Expenditure Holding Account,Capital  Grants,14/01/2026,CRED183921,Environmental Health,"Ł14,320.00",Prospect Builders Ltd,00256959
Tewkesbury Borough Council,23UG,Homelessness Prevention,Agency  Contracted Services,14/01/2026,CRED183908,Housing,Ł741.17,Sovereign Housing,00253185
Tewkesbury Borough Council,23UG,Legal Services,Agency Staff,14/01/2026,CRED183912,One Legal,"Ł1,992.00",Vivid Resourcing - division G2V Recruitment,00255848
Tewkesbury Borough Council,23UG,Legal Services,Agency Staff,14/01/2026,CRED183913,One Legal,Ł917.00,Vivid Resourcing - division G2V Recruitment,00255848
Tewkesbury Borough Council,23UG,Legal Services,Agency Staff,14/01/2026,CRED183914,One Legal,"Ł1,755.00",Vivid Resourcing - division G2V Recruitment,00255848
Tewkesbury Borough Council,23UG,Legal Services,Agency Staff,14/01/2026,CRED183915,One Legal,"Ł1,632.00",Vivid Resourcing - division G2V Recruitment,00255848
Tewkesbury Borough Council,23UG,Development Control,Agency Staff,15/01/2026,CRED183928,Director: Growth,"Ł4,917.25",Capita Property & Infrastructure Ltd,00256194
Tewkesbury Borough Council,23UG,Development Control,Agency Staff,15/01/2026,CRED183929,Director: Growth,"Ł4,589.06",Capita Property & Infrastructure Ltd,00256194
Tewkesbury Borough Council,23UG,Homelessness - Administration,Emergency Accommodation,15/01/2026,CRED183935,Housing,Ł672.00,Connolly & Callaghan Ltd,00253484
Tewkesbury Borough Council,23UG,Homelessness - Administration,Emergency Accommodation,15/01/2026,CRED183936,Housing,Ł507.50,Connolly & Callaghan Ltd,00253484
Tewkesbury Borough Council,23UG,Development Control,Agency  Contracted Services,15/01/2026,CRED183939,Director: Growth,"Ł1,071.00",G2V Recruitment Group Ltd,00253471
Tewkesbury Borough Council,23UG,Joint Core Strategy,Subscriptions,15/01/2026,CRED183931,"IT, Digital and Cyber","Ł14,500.00",GoVocal formerly CitizenLab,00256683
Tewkesbury Borough Council,23UG,Joint Core Strategy,Subscriptions,15/01/2026,CRED183932,"IT, Digital and Cyber","Ł9,917.00",GoVocal formerly CitizenLab,00256683
Tewkesbury Borough Council,23UG,Earmarked Reserves,Payments Made,15/01/2026,CRED183926,Director: Growth,"Ł1,414.29",Hays,00254370
Tewkesbury Borough Council,23UG,Earmarked Reserves,Payments Made,15/01/2026,CRED183940,Revenues and Benefits Team,"Ł1,285.20",Morgan Hunt UK Limited,00252917
Tewkesbury Borough Council,23UG,Earmarked Reserves,Payments Made,15/01/2026,CRED183941,Revenues and Benefits Team,"Ł1,073.00",Morgan Hunt UK Limited,00252917
Tewkesbury Borough Council,23UG,Earmarked Reserves,Payments Made,15/01/2026,CRED183938,Planning Policy,"Ł2,650.50",Park Avenue Recruitment Ltd,00253201
Tewkesbury Borough Council,23UG,Development Control,Agency Staff,15/01/2026,CRED183925,Director: Growth,"Ł1,909.90",Sarto Thomas Limited,00255925
Tewkesbury Borough Council,23UG,Digital Transformation Team,Cyber Security,15/01/2026,CRED183930,"IT, Digital and Cyber",Ł503.27,Thrive Operations Limited,00256956
Tewkesbury Borough Council,23UG,Homelessness - Administration,Agency  Contracted Services,15/01/2026,Bank,Housing,"Ł26,437.10",Travelodge,
Tewkesbury Borough Council,23UG,Bank Charges,PDQ terminal Charges,15/01/2026,Bank,Financial Management,"Ł3,245.63",CARDNET           ,
Tewkesbury Borough Council,23UG,Joint Core Strategy,Agency Staff,16/01/2026,CRED183951,Director: Growth,"Ł1,886.29",Carrington West Limited,00252528
Tewkesbury Borough Council,23UG,Earmarked Reserves,Payments Made,16/01/2026,CRED183952,Planning Policy,"Ł2,183.00",Carrington West Limited,00252528
Tewkesbury Borough Council,23UG,Joint Core Strategy,Agency Staff,16/01/2026,CRED183953,Director: Growth,"Ł2,960.00",Carrington West Limited,00252528
Tewkesbury Borough Council,23UG,Joint Core Strategy,Agency Staff,16/01/2026,CRED183954,Director: Growth,"Ł1,101.88",Carrington West Limited,00252528
Tewkesbury Borough Council,23UG,The Chase Investment Property,Rents Easements And Wayleaves,16/01/2026,CRED183958,Asset Management,"Ł1,170.35",CBRE Ltd - Acting agents for M.P.I Ltd,00253130
Tewkesbury Borough Council,23UG,The Chase Investment Property,Rents Easements And Wayleaves,16/01/2026,CRED183959,Asset Management,Ł719.25,CBRE Ltd - Acting agents for M.P.I Ltd,00253130
Tewkesbury Borough Council,23UG,The Chase Investment Property,Rents Easements And Wayleaves,16/01/2026,CRED183960,Asset Management,"Ł1,170.35",CBRE Ltd - Acting agents for M.P.I Ltd,00253130
Tewkesbury Borough Council,23UG,Retained Assets,Programmed Maintenance,16/01/2026,CRED183957,Asset Management,Ł585.33,DJ Willems t/a Onecall Construction Service,00253033
Tewkesbury Borough Council,23UG,Homelessness - Administration,Agency  Contracted Services,16/01/2026,CRED183949,Housing,Ł978.24,Gloucester City Council,00001546
Tewkesbury Borough Council,23UG,Joint Core Strategy,Agency  Contracted Services,16/01/2026,CRED182954,Director: Growth,"Ł20,889.61",Land Use Consultants,00253414
Tewkesbury Borough Council,23UG,Environmental Health,Agency Staff,16/01/2026,CRED183947,Environmental Health,Ł875.00,Osborne Richardson,00161554
Tewkesbury Borough Council,23UG,Environmental Health,Agency Staff,16/01/2026,CRED183948,Environmental Health,Ł887.50,Osborne Richardson,00161554
Tewkesbury Borough Council,23UG,Earmarked Reserve - Plan Obs Comm Sums,Payments Made,16/01/2026,CRED183955,Community and Economic Development,"Ł1,250.00",PRH Design Ltd,00257063
Tewkesbury Borough Council,23UG,Household Support Grant,Grants,16/01/2026,CRED183943,Community and Economic Development,"Ł7,875.00",Severn Wye Energy Agency Ltd,00187376
Tewkesbury Borough Council,23UG,Earmarked Reserve - Plan Obs Comm Sums,Payments Made,16/01/2026,CRED183950,Community and Economic Development,Ł574.41,Sportily,00256846
Tewkesbury Borough Council,23UG,Homelessness - Administration,Agency  Contracted Services,16/01/2026,Bank,Housing,Ł571.57,AIBMS,
Tewkesbury Borough Council,23UG,Legal costs,Payments Made,16/01/2026,Bank,One Legal,"Ł8,298.00",MOJ HMCTS,
Tewkesbury Borough Council,23UG,CIL Management,Computer  - Annual Renewals,19/01/2026,CRED183964,Community Infrastructure Levy,"Ł3,750.00",Building Cost Information Service Ltd (BCIS),00256196
Tewkesbury Borough Council,23UG,Workforce Health & Safety,Computer  - Annual Renewals,19/01/2026,CRED183967,Environmental Health,"Ł1,679.93",Cardinus Ltd,00086545
Tewkesbury Borough Council,23UG,Development Control,`Payts To Other Local Auths,19/01/2026,CRED183618,Director: Growth,"Ł1,008.00",Cheltenham Borough Council,00000615
Tewkesbury Borough Council,23UG,Environmental Health,Agency Staff,19/01/2026,CRED183975,Environmental Health,Ł875.00,Osborne Richardson,00161554
Tewkesbury Borough Council,23UG,Licensing,Agency  Contracted Services,19/01/2026,CRED183976,Licensing,Ł775.00,Pearson TalentLens,00256205
Tewkesbury Borough Council,23UG,"Vaughan Pak, Tipton",Electricity,19/01/2026,CRED183985,Asset Management,Ł576.01,Ruby Energy Electricity,00256704
Tewkesbury Borough Council,23UG,Development Control,Agency Staff,19/01/2026,CRED183981,Director: Growth,"Ł1,206.00",Sarto Thomas Limited,00255925
Tewkesbury Borough Council,23UG,Homelessness - Administration,Emergency Accommodation,19/01/2026,CRED183970,Housing,"Ł2,325.00",Treetop Letting Limited,00256394
Tewkesbury Borough Council,23UG,Homelessness - Administration,Emergency Accommodation,19/01/2026,CRED183971,Housing,"Ł2,325.00",Treetop Letting Limited,00256394
Tewkesbury Borough Council,23UG,Legal Services,Agency Staff,19/01/2026,CRED183968,One Legal,"Ł2,340.00",Venn Group Ltd,00224828
Tewkesbury Borough Council,23UG,The Chase Investment Property,Electricity,19/01/2026,CRED183983,Asset Management,"Ł3,191.33",West Mercia Energy,00226473
Tewkesbury Borough Council,23UG,Public Offices,Electricity,19/01/2026,CRED183992,Asset Management,"Ł6,839.76",West Mercia Energy,00226473
Tewkesbury Borough Council,23UG,Public Offices,Electricity,19/01/2026,CRED183993,Asset Management,"Ł8,216.21",West Mercia Energy,00226473
Tewkesbury Borough Council,23UG,Digital Transformation Team,Equipment,19/01/2026,CRED183998,"IT, Digital and Cyber","Ł2,958.65",XOS Group Limited,00256839
Tewkesbury Borough Council,23UG,Lloyds Bank,Service Charges,19/01/2026,Bank,Financial Management,Ł825.25,Lloyds,
Tewkesbury Borough Council,23UG,Digital Transformation Team,Agency Staff,20/01/2026,CRED184026,"IT, Digital and Cyber","Ł5,250.00",Michael Page International Recruitment Limited,00251581
Tewkesbury Borough Council,23UG,Capital Expenditure Holding Account,Capital  Grants,20/01/2026,CRED183999,Environmental Health,"Ł2,805.00",Midwest Mobility Ltd,00252754
Tewkesbury Borough Council,23UG,Capital Expenditure Holding Account,Capital  Grants,20/01/2026,CRED184001,Environmental Health,"Ł2,327.83",Redacted Personal Information,00252980
Tewkesbury Borough Council,23UG,Capital Expenditure Holding Account,Capital  Grants,20/01/2026,CRED184002,Environmental Health,"Ł12,932.37",NKS Contracts Ltd,00220453
Tewkesbury Borough Council,23UG,UK Shared Prosperity Fund,Agency  Contracted Services,20/01/2026,CRED184023,Community and Economic Development,"Ł1,275.00",Redacted Personal Information,00256835
Tewkesbury Borough Council,23UG,Climate Change Costs,`Payts To Other Local Auths,20/01/2026,CRED184015,Asset Management,"Ł3,333.00",Stroud District Council,00000848
Tewkesbury Borough Council,23UG,Capital Expenditure Holding Account,Capital  Grants,20/01/2026,CRED184000,Community and Economic Development,"Ł15,060.80",The Fab Shack Ltd,00257072
Tewkesbury Borough Council,23UG,CIL Management,Agency Staff,20/01/2026,CRED184029,Community Infrastructure Levy,"Ł2,109.00",Vivid Resourcing - division G2V Recruitment,00255848
Tewkesbury Borough Council,23UG,Public Offices,Programmed Maintenance,21/01/2026,CRED184034,Asset Management,"Ł5,626.00",A.E.S.  Roofing Contractors,00252711
Tewkesbury Borough Council,23UG,Corporate Training Budget,Training  Development,21/01/2026,CRED184033,People and Culture,Ł550.00,Daws Hill Consultancy,00255741
Tewkesbury Borough Council,23UG,Garden Town Communities,Agency  Contracted Services,21/01/2026,CRED181983,Garden Towns,"Ł8,710.00",DHUD LTD,00257006
Tewkesbury Borough Council,23UG,Garden Town Communities,Agency  Contracted Services,21/01/2026,CRED181984,Garden Towns,"Ł7,600.00",DHUD LTD,00257006
Tewkesbury Borough Council,23UG,Garden Town Communities,Agency  Contracted Services,21/01/2026,CRED182394,Garden Towns,"Ł7,600.00",DHUD LTD,00257006
Tewkesbury Borough Council,23UG,Garden Town Communities,Agency  Contracted Services,21/01/2026,CRED183110,Garden Towns,"Ł7,600.00",DHUD LTD,00257006
Tewkesbury Borough Council,23UG,Garden Town Communities,Agency  Contracted Services,21/01/2026,CRED183663,Garden Towns,"Ł7,600.00",DHUD LTD,00257006
Tewkesbury Borough Council,23UG,Garden Town Communities,Agency  Contracted Services,21/01/2026,CRED183982,Garden Towns,"Ł7,600.00",DHUD LTD,00257006
Tewkesbury Borough Council,23UG,Earmarked Reserves,Payments Made,21/01/2026,CRED184038,Director: Growth,"Ł1,414.30",Hays,00254370
Tewkesbury Borough Council,23UG,Retained Assets,Programmed Maintenance,21/01/2026,CRED184036,Asset Management,Ł550.00,Merritt Gardening Services,00255040
Tewkesbury Borough Council,23UG,Public Offices,Programmed Maintenance,21/01/2026,CRED184039,Asset Management,Ł840.25,Redbridge Property Services,00256850
Tewkesbury Borough Council,23UG,Car Parking,Water,21/01/2026,CRED184031,Asset Management,Ł504.21,Wave Ltd,00256861
Tewkesbury Borough Council,23UG,Public Offices,Water,21/01/2026,CRED184031,Asset Management,"Ł1,411.66",Wave Ltd,00256861
Tewkesbury Borough Council,23UG,The Chase Investment Property,Programmed Maintenance,22/01/2026,CRED184044,Asset Management,Ł509.28,Acorn Engineering Ltd,00252949
Tewkesbury Borough Council,23UG,Earmarked Reserves,Payments Made,22/01/2026,CRED184043,Director: Growth,"Ł94,917.00",City Science Corporation Ltd,00255739
Tewkesbury Borough Council,23UG,Development Control,Agency  Contracted Services,22/01/2026,CRED184042,Director: Growth,"Ł1,071.00",G2V Recruitment Group Ltd,00253471
Tewkesbury Borough Council,23UG,Earmarked Reserve - Plan Obs Comm Sums,Payments Made,22/01/2026,CRED184040,Community and Economic Development,"Ł49,009.41",GL3 Community Hub,00250539
Tewkesbury Borough Council,23UG,Garden Town Communities,Agency  Contracted Services,22/01/2026,CRED180975,Garden Towns,"Ł14,000.00",GO COMMUNITY RAIL PARTNERSHIP,00256931
Tewkesbury Borough Council,23UG,Housing Private Rented Sector,Agency  Contracted Services,22/01/2026,CRED184045,Housing,"Ł1,335.00",Oh Goodlord Ltd,00257094
Tewkesbury Borough Council,23UG,Garden Town Communities,Agency  Contracted Services,22/01/2026,CRED180976,Garden Towns,"Ł5,749.40",Strategy and Planning LTD,00256963
Tewkesbury Borough Council,23UG,Garden Town Communities,Agency  Contracted Services,22/01/2026,CRED181616,Garden Towns,"Ł4,349.40",Strategy and Planning LTD,00256963
Tewkesbury Borough Council,23UG,Garden Town Communities,Agency  Contracted Services,22/01/2026,CRED181726,Garden Towns,"Ł4,341.40",Strategy and Planning LTD,00256963
Tewkesbury Borough Council,23UG,Garden Town Communities,Agency  Contracted Services,22/01/2026,CRED183558,Garden Towns,"Ł7,186.90",Strategy and Planning LTD,00256963
Tewkesbury Borough Council,23UG,Health Improvement Projects,Grants/Contribns From Other Auths,22/01/2026,CRED183329,Community and Economic Development,"Ł2,500.00",Tewkesbury Junior Anglers,00257029
Tewkesbury Borough Council,23UG,The Chase Investment Property,Programmed Maintenance,23/01/2026,CRED184047,Asset Management,Ł509.28,Acorn Engineering Ltd,00252949
Tewkesbury Borough Council,23UG,Joint Core Strategy,Agency Staff,23/01/2026,CRED184083,Director: Growth,"Ł1,021.25",Carrington West Limited,00252528
Tewkesbury Borough Council,23UG,Joint Core Strategy,Agency Staff,23/01/2026,CRED184084,Director: Growth,"Ł1,876.46",Carrington West Limited,00252528
Tewkesbury Borough Council,23UG,Joint Core Strategy,Agency Staff,23/01/2026,CRED184085,Director: Growth,"Ł2,960.00",Carrington West Limited,00252528
Tewkesbury Borough Council,23UG,Earmarked Reserves,Payments Made,23/01/2026,CRED184086,Planning Policy,"Ł2,183.00",Carrington West Limited,00252528
Tewkesbury Borough Council,23UG,Homelessness - Administration,Emergency Accommodation,23/01/2026,CRED184072,Housing,Ł672.00,Connolly & Callaghan Ltd,00253484
Tewkesbury Borough Council,23UG,Homelessness - Administration,Emergency Accommodation,23/01/2026,CRED184073,Housing,Ł507.50,Connolly & Callaghan Ltd,00253484
Tewkesbury Borough Council,23UG,Bank Charges,PDQ Terminal Charges,23/01/2026,CRED184052,Finance,"Ł1,015.01",CPRAS Ltd,00255688
Tewkesbury Borough Council,23UG,Public Offices,Programmed Maintenance,23/01/2026,CRED184046,Asset Management,Ł750.00,ES Acoustics Ltd,00257086
Tewkesbury Borough Council,23UG,Digital Transformation Team,Computer  - Annual Renewals,23/01/2026,CRED183761,"IT, Digital and Cyber","Ł26,233.00",ESRI (UK) Ltd,00142285
Tewkesbury Borough Council,23UG,Tewkesbury Cemetery,Agency  Contracted Services,23/01/2026,CRED184076,Asset Management,Ł737.44,Gardiners,00252700
Tewkesbury Borough Council,23UG,Local Land Charges,`Payts To Other Local Auths,23/01/2026,CRED184090,Director: Growth,"Ł7,186.62",Gloucestershire County Council,00000204
Tewkesbury Borough Council,23UG,Digital Transformation Team,Cyber Security,23/01/2026,CRED180930,"IT, Digital and Cyber",Ł752.00,Highgate IT Solutions,00256762
Tewkesbury Borough Council,23UG,Earmarked Reserves,Payments Made,23/01/2026,CRED184075,Revenues and Benefits Team,"Ł1,477.98",Morgan Hunt UK Limited,00252917
Tewkesbury Borough Council,23UG,Earmarked Reserves,Payments Made,23/01/2026,CRED184077,Revenues and Benefits Team,"Ł1,073.00",Morgan Hunt UK Limited,00252917
Tewkesbury Borough Council,23UG,Earmarked Reserves,Payments Made,23/01/2026,CRED184078,Revenues and Benefits Team,"Ł1,160.00",Morgan Hunt UK Limited,00252917
Tewkesbury Borough Council,23UG,Earmarked Reserves,Payments Made,23/01/2026,CRED184080,Revenues and Benefits Team,"Ł1,628.49",Morgan Hunt UK Limited,00252917
Tewkesbury Borough Council,23UG,Earmarked Reserves,Payments Made,23/01/2026,CRED184056,Planning Policy,"Ł1,254.00",Park Avenue Recruitment Ltd,00253201
Tewkesbury Borough Council,23UG,Development Control,Agency Staff,23/01/2026,CRED184057,Director: Growth,"Ł1,480.00",Park Avenue Recruitment Ltd,00253201
Tewkesbury Borough Council,23UG,Development Control,Agency Staff,23/01/2026,CRED184058,Director: Growth,"Ł1,480.00",Park Avenue Recruitment Ltd,00253201
Tewkesbury Borough Council,23UG,Development Control,Agency Staff,23/01/2026,CRED184059,Director: Growth,"Ł1,480.00",Park Avenue Recruitment Ltd,00253201
Tewkesbury Borough Council,23UG,Development Control,Agency Staff,23/01/2026,CRED184060,Director: Growth,"Ł1,480.00",Park Avenue Recruitment Ltd,00253201
Tewkesbury Borough Council,23UG,Development Control,Agency Staff,23/01/2026,CRED184061,Director: Growth,Ł880.00,Park Avenue Recruitment Ltd,00253201
Tewkesbury Borough Council,23UG,Development Control,Agency Staff,23/01/2026,CRED184062,Director: Growth,"Ł1,480.00",Park Avenue Recruitment Ltd,00253201
Tewkesbury Borough Council,23UG,Development Control,Agency Staff,23/01/2026,CRED184063,Director: Growth,"Ł1,480.00",Park Avenue Recruitment Ltd,00253201
Tewkesbury Borough Council,23UG,Development Control,Agency Staff,23/01/2026,CRED184064,Director: Growth,Ł800.00,Park Avenue Recruitment Ltd,00253201
Tewkesbury Borough Council,23UG,Development Control,Agency Staff,23/01/2026,CRED184065,Director: Growth,"Ł1,660.50",Park Avenue Recruitment Ltd,00253201
Tewkesbury Borough Council,23UG,Development Control,Agency Staff,23/01/2026,CRED184066,Director: Growth,Ł810.00,Park Avenue Recruitment Ltd,00253201
Tewkesbury Borough Council,23UG,Development Control,Agency Staff,23/01/2026,CRED184067,Director: Growth,"Ł1,431.00",Park Avenue Recruitment Ltd,00253201
Tewkesbury Borough Council,23UG,Development Control,Agency Staff,23/01/2026,CRED184068,Director: Growth,"Ł1,579.50",Park Avenue Recruitment Ltd,00253201
Tewkesbury Borough Council,23UG,Development Control,Agency Staff,23/01/2026,CRED184069,Director: Growth,"Ł1,080.00",Park Avenue Recruitment Ltd,00253201
Tewkesbury Borough Council,23UG,Development Control,Agency Staff,23/01/2026,CRED184070,Director: Growth,"Ł1,350.00",Park Avenue Recruitment Ltd,00253201
Tewkesbury Borough Council,23UG,Development Control,Agency Staff,23/01/2026,CRED184071,Director: Growth,"Ł1,593.00",Park Avenue Recruitment Ltd,00253201
Tewkesbury Borough Council,23UG,Health Improvement Projects,Grants/Contribns From Other Auths,23/01/2026,CRED184092,Community and Economic Development,"Ł2,500.00",Priors Park Community Church,00255449
Tewkesbury Borough Council,23UG,Development Control,Agency  Contracted Services,23/01/2026,CRED182470,Director: Growth,"Ł3,400.00",Ryder Landscape Consultants Ltd,00251009
Tewkesbury Borough Council,23UG,Digital Transformation Team,Agency  Contracted Services,23/01/2026,CRED181732,"IT, Digital and Cyber","Ł6,500.00",Sensible Tech,00256681
Tewkesbury Borough Council,23UG,Housing Private Rented Sector,Agency  Contracted Services,23/01/2026,CRED184051,Housing,"Ł2,139.00",Sheldon Bosley Knight,00256713
Tewkesbury Borough Council,23UG,Car Salary Sacrifice Scheme - Current Debtor,Debtor,23/01/2026,CRED184048,People and Culture,"Ł2,909.46",Tuskerdirect Ltd,00256124
Tewkesbury Borough Council,23UG,Legal Services,Agency Staff,23/01/2026,CRED184087,One Legal,"Ł2,303.25",Vivid Resourcing - division G2V Recruitment,00255848
Tewkesbury Borough Council,23UG,Legal Services,Agency Staff,23/01/2026,CRED184088,One Legal,"Ł1,698.00",Vivid Resourcing - division G2V Recruitment,00255848
Tewkesbury Borough Council,23UG,Legal Services,Agency Staff,23/01/2026,CRED184089,One Legal,Ł714.00,Vivid Resourcing - division G2V Recruitment,00255848
Tewkesbury Borough Council,23UG,Public Offices,Programmed Maintenance,23/01/2026,CRED184055,Asset Management,Ł920.00,Woodlands Power,00252707
Tewkesbury Borough Council,23UG,Insurances Holding Account,Insurances - miscellaneous,23/01/2026,CRED184091,Finance,"Ł5,322.49",Zurich Insurance Company Ltd.,00008332
Tewkesbury Borough Council,23UG,Capital Expenditure Holding Account,Capital - Plant  Vehicles,26/01/2026,CRED183137,Waste and Recycling,Ł560.00,Bucher Municipal Ltd,00252779
Tewkesbury Borough Council,23UG,Garden Town Communities,Agency  Contracted Services,26/01/2026,CRED182302,Garden Towns,"Ł4,000.00",Carter Jonas,00252457
Tewkesbury Borough Council,23UG,Garden Town Communities,Agency  Contracted Services,26/01/2026,CRED183617,Garden Towns,"Ł1,416.80",Carter Jonas,00252457
Tewkesbury Borough Council,23UG,Garden Town Communities,Agency  Contracted Services,26/01/2026,CRED184099,Garden Towns,"Ł2,721.45",Carter Jonas,00252457
Tewkesbury Borough Council,23UG,Earmarked Reserves,Payments Made,26/01/2026,CRED184116,Democratic and Electoral Service,"Ł1,500.00",Creative Communicators,00252409
Tewkesbury Borough Council,23UG,Chief Executive Unit,Agency Staff,26/01/2026,CRED184114,Finance,Ł798.64,First Choice Recruitment Services,00022376
Tewkesbury Borough Council,23UG,Legal Services,Agency Staff,26/01/2026,CRED184115,One Legal,Ł811.78,First Choice Recruitment Services,00022376
Tewkesbury Borough Council,23UG,Land Drainage and Flood Prevention,Agency  Contracted Services,26/01/2026,CRED184096,Asset Management,"Ł15,470.93",Gardiners,00252700
Tewkesbury Borough Council,23UG,Land Drainage and Flood Prevention,Agency  Contracted Services,26/01/2026,CRED184097,Asset Management,"Ł1,913.23",Gardiners,00252700
Tewkesbury Borough Council,23UG,Joint Core Strategy,Agency  Contracted Services,26/01/2026,CRED183726,Director: Growth,"Ł24,610.32",Gloucester City Council,00001546
Tewkesbury Borough Council,23UG,Litter Bins,Agency  Contracted Services,26/01/2026,CRED184103,Asset Management,"Ł1,459.00",Hartell N B Construction,00002888
Tewkesbury Borough Council,23UG,Financial Services,Subscriptions,26/01/2026,CRED184144,Finance,"Ł4,150.00",LAVAT Consulting Ltd t/a PSTAX,00176293
Tewkesbury Borough Council,23UG,Play Areas and Parks,Programmed Maintenance,26/01/2026,CRED184104,Asset Management,Ł600.00,MATT HALE TREE SURGERY Ltd,00253352
Tewkesbury Borough Council,23UG,Car Parking,Agency  Contracted Services,26/01/2026,CRED184120,Asset Management,"Ł5,008.59",NSL Limited,00255260
Tewkesbury Borough Council,23UG,Corporate Management,Computer  - Annual Renewals,26/01/2026,CRED184112,Audit and Governance,"Ł3,354.41",The Copyright Licensing Agency Limited,00251580
Tewkesbury Borough Council,23UG,Waste Collection Services,UBICO Holding Account,26/01/2026,CRED184145,Waste and Recycling,"Ł494,053.25",Ubico Limited,00250926
Tewkesbury Borough Council,23UG,Waste Collection Services,UBICO Holding Account,26/01/2026,CRED184146,Waste and Recycling,"Ł494,053.25",Ubico Limited,00250926
Tewkesbury Borough Council,23UG,Legal Services,Agency Staff,26/01/2026,CRED184109,One Legal,"Ł1,040.00",Venn Group Ltd,00224828
Tewkesbury Borough Council,23UG,Legal Services,Agency Staff,26/01/2026,CRED184110,One Legal,"Ł2,405.00",Venn Group Ltd,00224828
Tewkesbury Borough Council,23UG,UK Shared Prosperity Fund,Grants,27/01/2026,CRED184169,Community and Economic Development,"Ł1,000.00",Ashchurch Village Hall,00250368
Tewkesbury Borough Council,23UG,Earmarked Reserve - Plan Obs Comm Sums,Payments Made,27/01/2026,CRED184170,Community and Economic Development,"Ł20,663.88",Ashchurch Village Hall,00250368
Tewkesbury Borough Council,23UG,Homelessness Prevention,Agency  Contracted Services,27/01/2026,CRED184168,Housing,Ł672.66,Bromford Housing,00255953
Tewkesbury Borough Council,23UG,Earmarked Reserve - Plan Obs Comm Sums,Payments Made,27/01/2026,CRED184162,Community and Economic Development,"Ł12,373.92",Maisemore Village Hall,00250377
Tewkesbury Borough Council,23UG,Capital Expenditure Holding Account,Capital  Grants,27/01/2026,CRED184155,Environmental Health,"Ł1,576.80",Redacted Personal Information,00252980
Tewkesbury Borough Council,23UG,Capital Expenditure Holding Account,Capital  Grants,27/01/2026,CRED184154,Environmental Health,"Ł8,760.00",RM Building Services,00256864
Tewkesbury Borough Council,23UG,UK Shared Prosperity Fund,Grants,27/01/2026,CRED184163,Community and Economic Development,"Ł1,000.00",St. John`s PCC  CHURCHDOWN AND INNSWORTH,00255448
Tewkesbury Borough Council,23UG,Joint Core Strategy,Agency Staff,28/01/2026,CRED181709,Director: Growth,"Ł2,183.00",Carrington West Limited,00252528
Tewkesbury Borough Council,23UG,Democratic Representation & Management,Computer  - Annual Renewals,28/01/2026,CRED184177,Democratic and Electoral Service,"Ł5,234.10",Civica UK Ltd,00041218
Tewkesbury Borough Council,23UG,Homelessness Prevention,Agency  Contracted Services,28/01/2026,CRED184183,Housing,Ł539.07,Cottsway Housing Association,00252920
Tewkesbury Borough Council,23UG,Retained Assets,Programmed Maintenance,28/01/2026,CRED184185,Asset Management,"Ł1,165.05",DJ Willems t/a Onecall Construction Service,00253033
Tewkesbury Borough Council,23UG,Retained Assets,Programmed Maintenance,28/01/2026,CRED184186,Asset Management,Ł734.74,DJ Willems t/a Onecall Construction Service,00253033
Tewkesbury Borough Council,23UG,Cemetery Bishops Cleeve,Agency  Contracted Services,28/01/2026,CRED184179,Asset Management,Ł898.43,Gardiners,00252700
Tewkesbury Borough Council,23UG,Joint Core Strategy,Agency  Contracted Services,28/01/2026,CRED183155,Director: Growth,"Ł45,633.00",Gloucester City Council,00001546
Tewkesbury Borough Council,23UG,Earmarked Reserve - Plan Obs Comm Sums,Payments Made,28/01/2026,CRED184184,Asset Management,"Ł5,294.51",Greenfields Garden Services Ltd,00252773
Tewkesbury Borough Council,23UG,Development Control,Agency Staff,28/01/2026,CRED184178,Director: Growth,"Ł2,311.50",Sarto Thomas Limited,00255925
Tewkesbury Borough Council,23UG,Garden Town Communities,Agency  Contracted Services,28/01/2026,CRED184173,Garden Towns,"Ł4,900.00",Strategy and Planning LTD,00256963
Tewkesbury Borough Council,23UG,CIL Management,Agency Staff,28/01/2026,CRED184172,Community Infrastructure Levy,"Ł1,938.00",Vivid Resourcing - division G2V Recruitment,00255848
Tewkesbury Borough Council,23UG,Joint Core Strategy,Agency  Contracted Services,29/01/2026,CRED184192,Director: Growth,"Ł4,575.00",BE LTD T/A BE GROUP,00257097
Tewkesbury Borough Council,23UG,Capital Expenditure Holding Account,Capital  Grants,29/01/2026,CRED184191,Environmental Health,"Ł2,996.00",D M Beard Building and Decorating Contractors,00256100
Tewkesbury Borough Council,23UG,Earmarked Reserves,Payments Made,29/01/2026,CRED184197,Revenues and Benefits Team,"Ł1,285.20",Morgan Hunt UK Limited,00252917
Tewkesbury Borough Council,23UG,Earmarked Reserves,Payments Made,29/01/2026,CRED184198,Revenues and Benefits Team,"Ł1,073.00",Morgan Hunt UK Limited,00252917
Tewkesbury Borough Council,23UG,Earmarked Reserves,Payments Made,29/01/2026,CRED184199,Revenues and Benefits Team,"Ł1,160.00",Morgan Hunt UK Limited,00252917
Tewkesbury Borough Council,23UG,Earmarked Reserves,Payments Made,29/01/2026,CRED184201,Revenues and Benefits Team,"Ł1,337.82",Morgan Hunt UK Limited,00252917
Tewkesbury Borough Council,23UG,Capital Expenditure Holding Account,Capital  Grants,29/01/2026,CRED184189,Environmental Health,"Ł2,215.53",Redacted Personal Information,00252980
Tewkesbury Borough Council,23UG,Earmarked Reserves,Payments Made,29/01/2026,CRED184195,Planning Policy,"Ł2,351.25",Park Avenue Recruitment Ltd,00253201
Tewkesbury Borough Council,23UG,Capital Expenditure Holding Account,Capital  Grants,29/01/2026,CRED184187,Environmental Health,"Ł9,443.00",Stephen D Cooper & Sons Ltd,00250418
Tewkesbury Borough Council,23UG,Capital Expenditure Holding Account,Capital  Grants,29/01/2026,CRED184188,Environmental Health,"Ł2,865.48",Stephen D Cooper & Sons Ltd,00250418
Tewkesbury Borough Council,23UG,Property Maintenance,Communications costs,29/01/2026,Bank,Asset Management,"Ł1,975.61",CROFT DD          ,
Tewkesbury Borough Council,23UG,External Audit & Inspections,External Audit Fees,30/01/2026,CRED184216,Finance,"Ł38,495.25",Bishop Fleming Audit Limited,00257049
Tewkesbury Borough Council,23UG,Earmarked Reserve - Plan Obs Comm Sums,Payments Made,30/01/2026,CRED184202,Community and Economic Development,"Ł11,750.00",Brockworth Sports Foundation,00256661
Tewkesbury Borough Council,23UG,Joint Core Strategy,Agency Staff,30/01/2026,CRED184220,Director: Growth,"Ł2,400.00",Carrington West Limited,00252528
Tewkesbury Borough Council,23UG,Earmarked Reserves,Payments Made,30/01/2026,CRED184221,Planning Policy,"Ł2,183.00",Carrington West Limited,00252528
Tewkesbury Borough Council,23UG,Joint Core Strategy,Agency Staff,30/01/2026,CRED184222,Director: Growth,"Ł1,079.30",Carrington West Limited,00252528
Tewkesbury Borough Council,23UG,Joint Core Strategy,Agency Staff,30/01/2026,CRED184223,Director: Growth,"Ł1,897.67",Carrington West Limited,00252528
Tewkesbury Borough Council,23UG,The Chase Investment Property,Other Cleaning,30/01/2026,CRED184209,Asset Management,Ł558.43,Classic Cleaning Services Ltd,00252950
Tewkesbury Borough Council,23UG,Homelessness - Administration,Emergency Accommodation,30/01/2026,CRED184204,Housing,Ł672.00,Connolly & Callaghan Ltd,00253484
Tewkesbury Borough Council,23UG,Homelessness - Administration,Emergency Accommodation,30/01/2026,CRED184205,Housing,Ł507.50,Connolly & Callaghan Ltd,00253484
Tewkesbury Borough Council,23UG,Play Areas and Parks,Programmed Maintenance,30/01/2026,CRED184211,Asset Management,"Ł1,275.85",Greenfields Garden Services Ltd,00252773
Tewkesbury Borough Council,23UG,Retained Assets,Programmed Maintenance,30/01/2026,CRED184208,Asset Management,Ł649.00,Hartell N B Construction,00002888
Tewkesbury Borough Council,23UG,Legal Services,Agency Staff,30/01/2026,CRED184224,One Legal,"Ł4,011.00",Redacted Personal Information,00255529
Tewkesbury Borough Council,23UG,Retained Assets,Agency  Contracted Services,30/01/2026,CRED184207,Asset Management,Ł950.00,Redacted Personal Information,00256883
Tewkesbury Borough Council,23UG,UK Shared Prosperity Fund,Agency  Contracted Services,30/01/2026,CRED182665,Tourist Information Centres,"Ł1,326.50",Mosaique Creative & Marketing Ltd,00251164
Tewkesbury Borough Council,23UG,Joint Core Strategy,Agency  Contracted Services,30/01/2026,CRED184226,Director: Growth,"Ł8,000.00",Mott MadDonald Ltd,00257082
Tewkesbury Borough Council,23UG,The Chase Investment Property,Programmed Maintenance,30/01/2026,CRED184225,Asset Management,"Ł1,421.00",NSS Maintenance,00256647
Tewkesbury Borough Council,23UG,Joint Core Strategy,Agency  Contracted Services,30/01/2026,CRED184213,Director: Growth,"Ł10,417.00",RRR Consultancy Ltd,00257093
Tewkesbury Borough Council,23UG,Bin Deliveries,Recycling activity (non ubico),30/01/2026,CRED184212,Waste and Recycling,"Ł2,914.75",Wilmond Waste Limited,00256980
Tewkesbury Borough Council,23UG,Climate Change Costs,Agency  Contracted Services,31/01/2026,CRED181387,Asset Management,"Ł7,500.00",Barker Associates (Essex) Ltd,00256967
Tewkesbury Borough Council,23UG,Climate Change Costs,Agency  Contracted Services,31/01/2026,CRED181403,Asset Management,"Ł3,750.00",Barker Associates (Essex) Ltd,00256967
Tewkesbury Borough Council,23UG,Earmarked Reserves,Payments Made,31/01/2026,CRED181404,Asset Management,"Ł7,500.00",Barker Associates (Essex) Ltd,00256967
Tewkesbury Borough Council,23UG,Climate Change Costs,Agency  Contracted Services,31/01/2026,CRED181891,Asset Management,"Ł3,750.00",Barker Associates (Essex) Ltd,00256967
Tewkesbury Borough Council,23UG,Climate Change Costs,Agency  Contracted Services,31/01/2026,CRED182352,Asset Management,"Ł3,750.00",Barker Associates (Essex) Ltd,00256967
Tewkesbury Borough Council,23UG,Climate Change Costs,Agency  Contracted Services,31/01/2026,CRED182455,Asset Management,"Ł3,750.00",Barker Associates (Essex) Ltd,00256967
Tewkesbury Borough Council,23UG,Earmarked Reserves,Payments Made,31/01/2026,CRED183468,Asset Management,"Ł9,318.00",Gavin Boniface Building Maintenance Ltd,00256983
Tewkesbury Borough Council,23UG,Public Offices,Training  Development,31/01/2026,CRED183516,Asset Management,"Ł1,695.00",HYDRO-X TRAINING LTD,00257033
